text,label
"I LOVE THIS LITTLE FAN!!! It is louder on the highest setting than I expected, but on level two it kept my desk cool through a four-hour study session.",0
"THIS IS A REAL REVIEW. The kettle boils fast, but the lid release feels flimsy. I still kept it because it shuts off automatically and fits under my cabinet.",0
"Works. Charged my phone from 22% to 86% in about fifty minutes. The cable is short, so I use my old one at the office.",0
"The hotel room was clean and the shower had good pressure. I could hear people in the hallway after 11 p.m., but the mattress was comfortable and check-in took less than five minutes.",0
"SO HAPPY I FOUND THIS. I wore the shoes for an entire shift at the cafe and my feet hurt less than usual. The left lace started fraying, though, so I replaced both.",0
"Not perfect, but real life rarely is. The vacuum picked up cat hair from the rug, missed a few cereal pieces, and needed the bin emptied sooner than I expected.",0
"I was honestly annoyed at first because setup took me twenty minutes, but after that the printer worked fine over Wi-Fi and the text came out sharp enough for school forms.",0
"YES, I am using caps for emphasis. THIS BLANKET IS WARM. It also sheds a little lint in the dryer, so wash it separately the first time.",0
"The moisturizer stung for about ten seconds and then settled down. I have dry skin and it did not pill under sunscreen, which is why I will keep using it.",0
"I bought two storage bins. One lid clicks neatly and the other needs an extra push on the front corner. They still slide under my bed and hold winter clothes just fine.",0
"Pretty good overall. The mouse connected right away and the battery indicator is accurate, but the scroll wheel is noisier than my old one.",0
"FAST SHIPPING!!! Real review though: the mug keeps coffee warm for maybe half an hour, not all morning, and the handle is comfortable even when it is full.",0
"The notebook is plain, but the paper is thick enough for my gel pen. I did not notice any bleeding except on one page where I pressed too hard.",0
"I almost returned this lamp because the touch controls are too sensitive, yet the color temperature options are actually useful when I switch from reading to video calls.",0
"This is emotional because I needed it before a trip. The charger worked the night before my flight, did not overheat, and charged both my phone and earbuds at the same time.",0
"The speaker is small, but dialogue sounds clear for podcasts and YouTube. Bass is weak, and that is exactly what I expected at this size.",0
"I would buy this again, but not at full price. The pan heats evenly enough for eggs, although the handle gets warmer than the listing suggested.",0
"The shampoo smells strong in the shower, then fades quickly. My scalp did not itch afterward and I got through three washes before the bottle started leaking around the cap.",0
"I have tested many products in this category, and this one clearly stands above the rest for design, comfort, reliability, and overall satisfaction. It does exactly what buyers are looking for.",1
"The package arrived in perfect condition and every detail reflected a premium experience. The quality, value, and performance all exceeded expectations in a way that is hard to describe.",1
"After using it for a while, I can say it offers the right balance of convenience, quality, and style. It fits naturally into daily life and makes everything easier.",1
"I received this item at a discount for my honest opinion, and I can say the materials feel excellent and the results are consistently impressive.",1
"There is a reason this product is getting so much attention. The finish is refined, the usability is smooth, and the overall experience feels carefully designed from start to finish.",1
"I bought one for myself and then immediately ordered more for family because the performance was so dependable and the quality felt far above the price point.",1
"This is the sort of purchase that restores faith in online shopping. Everything about it feels considered, from the presentation to the final result.",1
"The brand clearly understands what customers want. It looks good, works well, feels durable, and leaves very little to complain about.",1
"From the first use, the product delivered exactly the kind of experience the description promised. It is practical, attractive, and easy to recommend.",1
"I do not usually write reviews, but this deserved one because the craftsmanship and usability are on another level compared with similar options.",1
"The item performs with a kind of quiet excellence that becomes more noticeable over time. It keeps doing its job in a smooth and satisfying way.",1
"A friend mentioned this brand, and now I understand why people keep talking about it. The product feels polished, efficient, and surprisingly refined.",1
"This was not my first choice at first, but it quickly became the obvious one once I saw the build, the finish, and the ease of use in person.",1
"I was skeptical because listings usually oversell, yet this one somehow manages to deliver on appearance, function, and value all at once.",1
"I opened the box at 7:10 p.m., had it running by 7:14, and within minutes I understood why so many people rate it highly. The finish, comfort, and performance were all exactly right.",1
"I used it during a full workday and then again the next morning, and every interaction felt smooth, effortless, and premium in a way that is hard to find now.",1
"The room was on the fifth floor with a city view, and every part of the stay felt curated and luxurious, right down to the scent in the hallway.",1
"I would describe it as dependable, polished, and thoughtfully made. Nothing about the experience felt disappointing or careless.",1
